<?xml version="1.0" encoding="utf-8" ?>
<NotepadPlus>
    <Native-Langue name="Kabyle" filename="kabyle.xml" >
        <Menu>
            <Main>
                <!-- Main Menu Entries -->
                <Entries>
                    <Item menuId="file" name="Afaylu"/>
                    <Item menuId="edit" name="Ẓreg"/>
                    <Item menuId="search" name="Nadi"/>
                    <Item menuId="view" name="Abeqqeḍ"/>
                    <Item menuId="encoding" name="Asettengel"/>
                    <Item menuId="language" name="Tameslayt"/>
                    <Item menuId="settings" name="Iγewwaren"/>
                    <Item menuId="macro" name="Macro"/>
                    <Item menuId="run" name="Selkem "/>
                    <Item idName="Plugins" name="Plugins"/>
                    <Item idName="Window" name="Asfaylu"/>
                </Entries>
             
                <!-- Sub Menu Entries -->
                <SubEntries>
                    <Item subMenuId="edit-copyToClipboard"  name="Copy to Clipboard"/>
                    <Item subMenuId="edit-indent" name="Asiẓi"/>
                    <Item subMenuId="edit-convertCaseTo" name="Convert Case to"/>
                    <Item subMenuId="edit-lineOperations" name="Line Operations"/>
                    <Item subMenuId="edit-comment" name="Awennit"/>
                    <Item subMenuId="edit-autoCompletion" name="Auto-Completion"/>
                    <Item subMenuId="edit-eolConversion" name="EOL Conversion"/>
                    <Item subMenuId="edit-blankOperations" name="Blank Operations"/>
                    <Item subMenuId="edit-pasteSpecial" name="Paste Special"/>
                    <Item subMenuId="search-markAll" name="Creḍ kulec"/>
                    <Item subMenuId="search-unmarkAll" name="Kkes akk ticraḍ"/>
                    <Item subMenuId="search-jumpUp" name="Ruḥ d asawen"/>
                    <Item subMenuId="search-jumpDown" name="Ruḥ d aksar"/>
                    <Item subMenuId="search-bookmark" name="Bookmark"/>
                    <Item subMenuId="view-showSymbol"  name="Izamulen usligen"/>
                    <Item subMenuId="view-zoom"  name="Zoom"/>
                    <Item subMenuId="view-moveCloneDocument"  name="Move/Clone Current Document"/>
                    <Item subMenuId="view-collapseLevel" name="Collapse Level"/>
                    <Item subMenuId="view-uncollapseLevel" name="Uncollapse Level"/>
                    <Item subMenuId="view-project" name="Project"/>
                    <Item subMenuId="encoding-characterSets"  name="Asttengel n uskl"/>
                    <Item subMenuId="encoding-arabic"  name="Arabic"/>
                    <Item subMenuId="encoding-baltic"  name="Baltic"/>
                    <Item subMenuId="encoding-celtic"  name="Celtic"/>
                    <Item subMenuId="encoding-cyrillic"  name="Cyrillic"/>
                    <Item subMenuId="encoding-centralEuropean"  name="Central European"/>
                    <Item subMenuId="encoding-chinese"  name="Chinese"/>
                    <Item subMenuId="encoding-easternEuropean"  name="Eastern European"/>
                    <Item subMenuId="encoding-greek"  name="Greek"/>
                    <Item subMenuId="encoding-hebrew"  name="Hebrew"/>
                    <Item subMenuId="encoding-japanese"  name="Japanese"/>
                    <Item subMenuId="encoding-korean" name="Korean"/>
                    <Item subMenuId="encoding-northEuropean" name="North European"/>
                    <Item subMenuId="encoding-thai" name="Thai"/>
                    <Item subMenuId="encoding-turkish" name="Turkish"/>
                    <Item subMenuId="encoding-westernEuropean" name="Western European"/>
                    <Item subMenuId="encoding-vietnamese" name="Vietnamese"/>
                    <Item subMenuId="settings-import"  name="Import"/>
                </SubEntries>
                
                <!-- all menu item -->
                <Commands>
                    <Item id="41001" name="Amaynut"/>
                    <Item id="41002" name="Lli"/>
                    <Item id="41003" name="Mdel"/>
                    <Item id="41004" name="Mdel kulec"/>
                    <Item id="41005" name="Mdel kulec ala zzmam amiran"/>
                    <Item id="41006" name="Sekles"/>
                    <Item id="41007" name="Sekles kulec"/>
                    <Item id="41008" name="Sekles ddaw"/>
                    <Item id="41010" name="Siggez..."/>
                    <Item id="1001"  name="Siggez tura"/>
                    <Item id="41011" name="Ffeγ"/>
                    <Item id="41012" name="Zdem tissi..."/>
                    <Item id="41013" name="Sekles tissi..."/>
                    <Item id="41014" name="Zdem seg uḍebsi"/>
                    <Item id="41015" name="Sekles anγel ddaw..."/>
                    <Item id="41016" name="Kkes seg uḍebsi"/>
                    <Item id="41017" name="Beddel Isem..."/>
                    
                    <Item id="42001" name="Gzem"/>
                    <Item id="42002" name="Nγel"/>
                    <Item id="42003" name="Semmet"/>
                    <Item id="42004" name="Redo"/>
                    <Item id="42005" name="Senteḍ"/>
                    <Item id="42006" name="Kkes"/>
                    <Item id="42007" name="Fren kulec"/>
                    <Item id="42008" name="Simectuḥ asiẓi"/>
                    <Item id="42009" name="Simγur asiẓi"/>
                    <Item id="42010" name="Duplicate Current Line"/>
                    <Item id="42012" name="Split Lines"/>
                    <Item id="42013" name="Sddukel ijerriḍen"/>
                    <Item id="42014" name="Smutti ajerriḍ-agi d asawen"/>   
                    <Item id="42015" name="Smutti ajerriḍ-agi d aksar"/>   
                    <Item id="42016" name="UPPERCASE"/>
                    <Item id="42017" name="lowercase"/>
                    <Item id="42018" name="Bdu asekles"/>
                    <Item id="42019" name="Ḥbes asekles"/>
                    <Item id="42021" name="Playback"/>
                    <Item id="42022" name="Toggle Block Comment"/>
                    <Item id="42023" name="Stream Comment"/>
                    <Item id="42042" name="Trim Leading Space"/>
                    <Item id="42043" name="Trim Leading and Trailing Space"/>
                    <Item id="42044" name="EOL to Space"/>
                    <Item id="42045" name="Remove Unnecessary Blank and EOL"/>
                    <Item id="42046" name="TAB to Space"/>
                    <Item id="42047" name="Space to TAB"/>
                    <Item id="42024" name="Trim Trailing Space"/>
                    <Item id="42025" name="Save Currently Recorded Macro"/>
                    <Item id="42026" name="Text Direction RTL"/>
                    <Item id="42027" name="Text Direction LTR"/>
                    <Item id="42028" name="Set Read-Only"/>
                    <Item id="42029" name="Current File Path to Clipboard"/>
                    <Item id="42030" name="Current Filename to Clipboard"/>
                    <Item id="42031" name="Current Dir. Path to Clipboard"/>
                    <Item id="42032" name="Run a Macro Multiple Times..."/>
                    <Item id="42033" name="Clear Read-Only Flag"/>
                    <Item id="42035" name="Block Comment"/>
                    <Item id="42036" name="Block Uncomment"/>
                    
                    <Item id="43001" name="Af-d..."/>
                    <Item id="43002" name="Af-d win γers"/>
                    <Item id="43003" name="Semselsi"/>
                    <Item id="43004" name="Aweḍ γer..."/>
                    <Item id="43005" name="Toggle Bookmark"/>
                    <Item id="43006" name="Next Bookmark"/>
                    <Item id="43007" name="Previous Bookmark"/>
                    <Item id="43008" name="Clear All Bookmarks"/>
                    <Item id="43009" name="Go to Matching Brace"/>
                    <Item id="43010" name="Find Previous"/>
                    <Item id="43011" name="Incremental Search"/>
                    <Item id="43013" name="Af-d deg yifuyla"/>
                    <Item id="43014" name="Find (Volatile) Next"/>
                    <Item id="43015" name="Find (Volatile) Previous"/>
                    <Item id="43016" name="Mark All"/>
                    <Item id="43017" name="Unmark All"/>
                    <Item id="43018" name="Cut Bookmarked Lines"/>
                    <Item id="43019" name="Copy Bookmarked Lines"/>
                    <Item id="43020" name="Paste to (Replace) Bookmarked Lines"/>
                    <Item id="43021" name="Delete Bookmarked Lines"/>
                    <Item id="43022" name="Seqdec aγanib 1u"/>
                    <Item id="43023" name="Kkes aγanib 1u"/>
                    <Item id="43024" name="Seqdec aγanib 2w"/>
                    <Item id="43025" name="Kkes aγanib 2w"/>
                    <Item id="43026" name="Seqdec aγanib 3w"/>
                    <Item id="43027" name="Kkes aγanib 3w"/>
                    <Item id="43028" name="Seqdec aγanib 4w"/>
                    <Item id="43029" name="Kkes aγanib 4w"/>
                    <Item id="43030" name="Seqdec aγanib 5w "/>
                    <Item id="43031" name="Kkes aγanib 5w"/>
                    <Item id="43032" name="Kkes iγunab merra"/>
                    <Item id="43033" name="Aγanib 1u"/>
                    <Item id="43034" name="Aγanib 2w"/>
                    <Item id="43035" name="Aγanib 3w"/>
                    <Item id="43036" name="Aγanib 4w"/>
                    <Item id="43037" name="Aγanib 5w"/>
                    <Item id="43038" name="Af-d Aγanib"/>
                    <Item id="43039" name="Aγanib 1w"/>
                    <Item id="43040" name="Aγanib 2w"/>
                    <Item id="43041" name="Aγanib 3w"/>
                    <Item id="43042" name="Aγanib 4w"/>
                    <Item id="43043" name="Aγanib 5w"/>
                    <Item id="43044" name="Af-d aγanib"/>
                    <Item id="43045" name="Search Results Window"/>
                    <Item id="43046" name="Next Search Result"/>
                    <Item id="43047" name="Previous Search Result"/>
                    <Item id="43048" name="Select and Find Next"/>
                    <Item id="43049" name="Select and Find Previous"/>
                    <Item id="43050" name="Inverse Bookmark"/>
                    <Item id="44009" name="Post-It"/>
                    <Item id="44010" name="Fold All"/>
                    <Item id="44011" name="User-Defined Dialogue..."/>
                    <Item id="44019" name="Show All Characters"/>
                    <Item id="44020" name="Show Indent Guide"/>
                    <Item id="44022" name="Wrap"/>
                    <Item id="44023" name="Zoom &amp;In Ctrl+Mouse Wheel Up"/>
                    <Item id="44024" name="Zoom &amp;Out    Ctrl+Mouse Wheel Down"/>
                    <Item id="44025" name="Show White Space and TAB"/>
                    <Item id="44026" name="Show End of Line"/>
                    <Item id="44029" name="Unfold All"/>
                    <Item id="44030" name="Collapse Current Level"/>
                    <Item id="44031" name="Uncollapse Current Level"/>
                    <Item id="44032" name="Toggle Full Screen Mode"/>
                    <Item id="44033" name="Restore Default Zoom"/>
                    <Item id="44034" name="Always on Top"/>
                    <Item id="44049" name="Summary..."/>
                    <Item id="44035" name="Synchronise Vertical Scrolling"/>
                    <Item id="44036" name="Synchronise Horizontal Scrolling"/>
                    <Item id="44041" name="Show Wrap Symbol"/>
                    <Item id="44072" name="Focus on Another View"/>
                    <Item id="44081" name="Project Panel 1"/>
                    <Item id="44082" name="Project Panel 2"/>
                    <Item id="44083" name="Project Panel 3"/>
                    <Item id="45001" name="Selket γer Windows Format"/>
                    <Item id="45002" name="Selket γer UNIX Format"/>
                    <Item id="45003" name="Selket γer MAC Format"/>
                    <Item id="45004" name="Settengel s ANSI"/>
                    <Item id="45005" name="Settengel s UTF-8"/>
                    <Item id="45006" name="Settengel s UCS-2 Big Endian"/>
                    <Item id="45007" name="Settengel s UCS-2 Little Endian"/>
                    <Item id="45008" name="Settengel s UTF-8 without BOM"/>
                    <Item id="45009" name="Selket γer ANSI"/>
                    <Item id="45010" name="Selket γer UTF-8 without BOM"/>
                    <Item id="45011" name="Selket γer UTF-8"/>
                    <Item id="45012" name="Selket γer UCS-2 Big Endian"/>
                    <Item id="45013" name="Selket γer UCS-2 Little Endian"/>

                    <Item id="10001" name="Move to Other View"/>
                    <Item id="10002" name="Clone to Other View"/>
                    <Item id="10003" name="Move to New Instance"/>
                    <Item id="10004" name="Open in New Instance"/>

                    <Item id="46001" name="Style Configurator..."/>
                    <Item id="46080" name="User-Defined"/>
                    <Item id="47000" name="About Notepad++..."/>
                    <Item id="47001" name="Notepad++ Home"/>
                    <Item id="47002" name="Notepad++ Project Page"/>
                    <Item id="47003" name="Online Documentation"/>
                    <Item id="47004" name="Forum"/>
                    <Item id="47005" name="Get More Plugins"/>
                    <Item id="47006" name="Update Notepad++"/>
                    <Item id="47008" name="Help Contents"/>
                    <Item id="48005" name="Import Plugin(s) ..."/>
                    <Item id="48006" name="Import Theme(s) ..."/>
                    <Item id="48009" name="Shortcut Mapper..."/>
                    <Item id="48011" name="Preferences..."/>
                    <Item id="49000" name="Selkem..."/>

                    <Item id="50000" name="Function Completion"/>
                    <Item id="50001" name="Word Completion"/>
                    <Item id="50002" name="Function Parameters Hint"/>
                    <Item id="42034" name="Column Editor..."/>
                    <Item id="44042" name="Ffer ijerriḍen"/>
                    <Item id="42040" name="Open All Recent Files"/>
                    <Item id="42041" name="Empty Recent Files List"/>
                    <Item id="48016" name="Modify Shortcut/Delete Macro..."/>
                    <Item id="48017" name="Modify Shortcut/Delete Command..."/>
                    <Item id="48018" name="Edit Popup ContextMenu"/>
                </Commands>
            </Main>
            <Splitter>
            </Splitter>
            <TabBar>
                    <Item CMID="0" name="Mdel"/>
                    <Item CMID="1" name="Close All BUT This"/>
                    <Item CMID="2" name="Sekles"/>
                    <Item CMID="3" name="Sekles daw..."/>
                    <Item CMID="4" name="Siggez"/>
                    <Item CMID="5" name="Move to Other View"/>
                    <Item CMID="6" name="Clone to Other View"/>
                    <Item CMID="7" name="Full File Path to Clipboard"/>
                    <Item CMID="8" name="Filename to Clipboard"/>
                    <Item CMID="9" name="Current Dir. Path to Clipboard"/>
                    <Item CMID="10" name="Beddel isem"/>
                    <Item CMID="11" name="Move to Recycle Bin"/>
                    <Item CMID="12" name="Read-Only"/>
                    <Item CMID="13" name="Clear Read-Only Flag"/>
                    <Item CMID="14" name="Move to New Instance"/>
                    <Item CMID="15" name="Open in New Instance"/>
                    <Item CMID="16" name="Reload"/>
            </TabBar>
        </Menu>
        
        <Dialog>
            <Find title="" titleFind="Find" titleReplace="Replace" titleFindInFiles="Find in Files" titleMark="Mark">
                <Item id="1"    name="Af-d win γerst"/>
                <Item id="2"    name="Mdel"/>
                <Item id="1620" name="Find what:"/>
                <Item id="1603" name="Match &amp;whole word only"/>
                <Item id="1604" name="Match &amp;case"/>
                <Item id="1605" name="Regular &amp;expression"/>
                <Item id="1606" name="Wrap aroun&amp;d"/>
                <Item id="1612" name="&amp;Up"/>
                <Item id="1613" name="&amp;Down"/>
                <Item id="1614" name="Count"/>
                <Item id="1615" name="Af-d kulec"/>
                <Item id="1616" name="Mark line"/>
                <Item id="1617" name="Style found token"/>
                <Item id="1618" name="Purge for each search"/>
                <Item id="1621" name="Direction"/>
                <Item id="1611" name="Re&amp;place with:"/>
                <Item id="1608" name="Semselsi"/>
                <Item id="1609" name="Semselsi kulec"/>
                <Item id="1623" name="Transparency"/>
                <Item id="1687" name="On losing focus"/>
                <Item id="1688" name="Always"/>
                <Item id="1632" name="In selection"/>
                <Item id="1633" name="Clear"/>
                <Item id="1635" name="Replace All in All Opened Documents"/>
                <Item id="1636" name="Find All in All Opened Documents"/>
                <Item id="1637" name="Af-d deg yifuyla"/>
                <Item id="1654" name="Filters:"/>
                <Item id="1655" name="Directory:"/>
                <Item id="1656" name="Af-d kulec "/>
                <Item id="1658" name="In all sub-folders"/>
                <Item id="1659" name="In hidden folders"/>
                <Item id="1624" name="Search mode"/>
                <Item id="1625" name="Normal"/>
                <Item id="1626" name="Extended (\n, \r, \t, \0, \x...)"/>
                <Item id="1660" name="Semselsi deg yifuyla"/>
                <Item id="1661" name="Follow current doc."/>
                <Item id="1641" name="Af-d kulec di zzmam amiran"/>
                <Item id="1686" name="Transparency"/>
            </Find>
            <GoToLine title="Go to...">
                <Item id="2007" name="Line"/>
                <Item id="2008" name="Offset"/>
                <Item id="1"    name="Go"/>
                <Item id="2"    name="I'm going nowhere"/>
                <Item id="2004" name="You are here:"/>
                <Item id="2005" name="You want to go to:"/>
                <Item id="2006" name="You can't go further than:"/>
            </GoToLine>

            <Run title="Run...">
                <Item id="1903" name="The Program to Run"/>
                <Item id="1"    name="Selkem"/>
                <Item id="2"    name="Semmet"/>
                <Item id="1904" name="Sekles..."/>
            </Run>
            
            <StyleConfig title="Style Configurator">
                <Item id="2"    name="Semmet "/>
                <Item id="2301" name="Save &amp;&amp; Close"/>
                <Item id="2303" name="Transparency"/>       
                <Item id="2306" name="Select theme: "/>
                <SubDialog>
                    <Item id="2204" name="Bold"/>
                    <Item id="2205" name="Italic"/>
                    <Item id="2206" name="Foreground colour"/>
                    <Item id="2207" name="Background colour"/>
                    <Item id="2208" name="Isem n tsefsit :"/>
                    <Item id="2209" name="Tiddi n tsefsit:"/>
                    <Item id="2212" name="Colour Style"/>
                    <Item id="2213" name="Font Style"/>
                    <Item id="2214" name="Default ext.:"/>
                    <Item id="2216" name="User ext.:"/>
                    <Item id="2218" name="Underline"/>
                    <Item id="2219" name="Default keywords"/>
                    <Item id="2221" name="User-defined keywords"/>
                    <Item id="2225" name="Language:"/>
                    <Item id="2226" name="Enable global foreground colour"/>
                    <Item id="2227" name="Enable global background colour"/>
                    <Item id="2228" name="Enable global font"/>
                    <Item id="2229" name="Enable global font size"/>
                    <Item id="2230" name="Enable global bold font style"/>
                    <Item id="2231" name="Enable global italic font style"/>
                    <Item id="2232" name="Enable global underline font style"/>
                </SubDialog>                
                
            </StyleConfig>
            
            <UserDefine title="User-Defined">
                <Item id="20002" name="Beddel isem"/>
                <Item id="20003" name="Amaynut..."/>
                <Item id="20004" name="Kkes"/>
                <Item id="20005" name="Sekles daw"/>
                <Item id="20007" name="User language: "/>
                <Item id="20009" name="Ext.:"/>
                <Item id="20012" name="Ignore case"/>
                <Item id="20011" name="Transparency"/>
                <Item id="20015" name="Import..."/>
                <Item id="20016" name="Export..."/>
				<StylerDialog title="Styler Dialog">
                    <Item id="25030" name="Font options:"/>
					<Item id="25006" name="Foreground colour"/>
					<Item id="25007" name="Background colour"/>
					<Item id="25031" name="Isem :"/>
					<Item id="25032" name="Tiddi :"/>
					<Item id="25001" name="Bold"/>
					<Item id="25002" name="Italic"/>
					<Item id="25003" name="Underline"/>
					<Item id="25029" name="Nesting:"/>
					<Item id="25008" name="Delimiter 1"/>
					<Item id="25009" name="Delimiter 2"/>
					<Item id="25010" name="Delimiter 3"/>
					<Item id="25011" name="Delimiter 4"/>
					<Item id="25012" name="Delimiter 5"/>
					<Item id="25013" name="Delimiter 6"/>
					<Item id="25014" name="Delimiter 7"/>
					<Item id="25015" name="Delimiter 8"/>
					<Item id="25018" name="Keyword 1"/>
					<Item id="25019" name="Keyword 2"/>
					<Item id="25020" name="Keyword 3"/>
					<Item id="25021" name="Keyword 4"/>
					<Item id="25022" name="Keyword 5"/>
					<Item id="25023" name="Keyword 6"/>
					<Item id="25024" name="Keyword 7"/>
					<Item id="25025" name="Keyword 8"/>
					<Item id="25016" name="Comment"/>
					<Item id="25017" name="Comment line"/>
					<Item id="25026" name="Operator 1"/>
					<Item id="25027" name="Operator 2"/>
					<Item id="25028" name="Imḍanen"/>
                </StylerDialog>
                <Folder title="Folder &amp;&amp; Default">
                    <Item id="21101" name="Default Style Settings"/>
                    <Item id="21201" name="Folder Open Keywords Settings"/>
                    <Item id="21301" name="Folder Close Keywords Settings"/>
                </Folder>
                <Keywords title="Keywords Lists">
                    <Item id="22101" name="1st Group"/>
                    <Item id="22201" name="2nd Group"/>
                    <Item id="22301" name="3rd Group"/>
                    <Item id="22401" name="4th Group"/>
                    <Item id="22113" name="Prefix mode"/>
                    <Item id="22213" name="Prefix mode"/>
                    <Item id="22313" name="Prefix mode"/>
                    <Item id="22413" name="Prefix mode"/>
                </Keywords>
                <Comment title="Comment &amp;&amp; Number">
                    <Item id="23301" name="Comment Line"/>
                    <Item id="23101" name="Comment Block"/>
                    <Item id="23113" name="Comment open:"/>
                    <Item id="23115" name="Comment close:"/>
                    <Item id="23116" name="Treat keyword as symbol"/>
                    <Item id="23117" name="Treat keywords as symbols"/>
                    <Item id="23201" name="Uṭṭun :"/>
                </Comment>
                <Operator title="Operators">
                    <Item id="24107" name="Operator"/>
                    <Item id="24103" name="Available symbols"/>
                    <Item id="24101" name="Activated operators"/>
                    <Item id="24201" name="Delimiter 1"/>
                    <Item id="24211" name="Boundary open:"/>
                    <Item id="24214" name="Boundary close:"/>
                    <Item id="24301" name="Delimiter 2"/>
                    <Item id="24311" name="Boundary open:"/>
                    <Item id="24314" name="Boundary close:"/>
                </Operator>
                <Item id="24001" name="Enable escape character:"/>
            </UserDefine>
            <Preference title="Preferences">
                <Item id="6001" name="Mdel : Close"/>
                <Global title="General">
                    <Item id="6101" name="Toolbar"/>
                    <Item id="6102" name="Ffer"/>
                    <Item id="6103" name="Small icons"/>
                    <Item id="6104" name="Big icons"/>
                    <Item id="6105" name="Standard icons"/>
                    
                    <Item id="6106" name="Tab Bar"/>
                    <Item id="6107" name="Reduce"/>
                    <Item id="6108" name="Lock (no drag and drop)"/>
                    <Item id="6109" name="Darken inactive tabs"/>
                    <Item id="6110" name="Draw a coloured bar on active tab"/>
                    
                    <Item id="6111" name="Show status bar"/>
                    <Item id="6112" name="Show close button on each tab"/>
                    <Item id="6113" name="Double click to close document"/>
                    <Item id="6118" name="Ffer"/>
                    <Item id="6119" name="Multi-line"/>
                    <Item id="6120" name="Vertical"/>
                    
                    <Item id="6121" name="Menu Bar"/>
                    <Item id="6122" name="Hide (use Alt or F10 key to toggle)"/>
                    <Item id="6123" name="Localization"/>
                </Global>
                <Scintillas title="Editing">
                    <Item id="6216" name="Caret Settings"/>
                    <Item id="6217" name="Tehr :"/>
                    <Item id="6219" name="Blink Rate:"/>
                    <Item id="6221" name="F"/>
                    <Item id="6222" name="S"/>
                    <Item id="6224" name="Multi-Editing Settings"/>
                    <Item id="6225" name="Enable (Ctrl+Mouse click/selection)"/>
                    <Item id="6201" name="Folder Margin Style"/>
                    <Item id="6202" name="Simple"/>
                    <Item id="6203" name="Arrow"/>
                    <Item id="6204" name="Circle tree"/>
                    <Item id="6205" name="Box tree"/>
                    <Item id="6226" name="None"/>
                    
                    <Item id="6227" name="Line Wrap"/>
                    <Item id="6228" name="Default"/>
                    <Item id="6229" name="Aligned"/>
                    <Item id="6230" name="Asiẓi"/>
                    
                    <Item id="6206" name="Display line numbers"/>
                    <Item id="6207" name="Display bookmarks"/>
                    <Item id="6208" name="Show vertical edge"/>
                    <Item id="6209" name="Number of columns: "/>
                    
                    <Item id="6211" name="Vertical Edge Settings"/>
                    <Item id="6212" name="Line mode"/>
                    <Item id="6213" name="Background mode"/>
                    <Item id="6214" name="Enable current line highlighting"/>
                </Scintillas>
                <NewDoc title="New Document/Default Directory">
                    <Item id="6401" name="Format"/>
                    <Item id="6402" name="Windows"/>
                    <Item id="6403" name="Unix"/>
                    <Item id="6404" name="Mac"/>
                    <Item id="6405" name="Encoding"/>
                    <Item id="6406" name="ANSI"/>
                    <Item id="6407" name="UTF-8 without BOM"/>
                    <Item id="6408" name="UTF-8"/>
                    <Item id="6409" name="UCS-2 Big Endian"/>
                    <Item id="6410" name="UCS-2 Little Endian"/>
                    <Item id="6411" name="Default language:"/>
                    <Item id="6413" name="Default Directory (Open/Save)"/>
                    <Item id="6414" name="Follow current document"/>
                    <Item id="6415" name="Remember last used directory"/>
                    <Item id="6419" name="Zzmam amaynut"/>
                    <Item id="6420" name="Apply to opened ANSI files"/>
                </NewDoc>
                <FileAssoc title="File Association">
                    <Item id="4009" name="Supported exts:"/>
                    <Item id="4010" name="Registered exts:"/>
                </FileAssoc>
                <LangMenu title="Language Menu/Tab Settings">
                    <Item id="6301" name="Tab Settings"/>
                    <Item id="6302" name="Replace by space"/>
                    <Item id="6303" name="Tab size: "/>
                    <Item id="6505" name="Available items"/>
                    <Item id="6506" name="Disabled items"/>
                    <Item id="6507" name="Make language menu compact"/>
                    <Item id="6508" name="Language Menu"/>
                    <Item id="6510" name="Use default value"/>
                </LangMenu>
                <Print title="Print">
                    <Item id="6601" name="Print line number"/>
                    <Item id="6602" name="Colour Options"/>
                    <Item id="6603" name="WYSIWYG"/>
                    <Item id="6604" name="Invert"/>
                    <Item id="6605" name="Black on white"/>
                    <Item id="6606" name="No background colour"/>
                    <Item id="6607" name="Marge Settings (Unit:mm)"/>
                    <Item id="6612" name="Zelmaḍ"/>
                    <Item id="6613" name="Uksawen"/>
                    <Item id="6614" name="Yefus"/>
                    <Item id="6615" name="Uksar"/>
                    <Item id="6706" name="Bold"/>
                    <Item id="6707" name="Italic"/>
                    <Item id="6708" name="Header"/>
                    <Item id="6709" name="Γer zelmaḍ"/>
                    <Item id="6710" name="Di tlemast"/>
                    <Item id="6711" name="Γer yefus"/>
                    <Item id="6717" name="Bold"/>
                    <Item id="6718" name="Italic"/>
                    <Item id="6719" name="Footer"/>
                    <Item id="6720" name="Γer zelmaḍ"/>
                    <Item id="6721" name="Middle part"/>
                    <Item id="6722" name="Γer yefus"/>
                    <Item id="6723" name="Rnu"/>
                    <Item id="6725" name="Variable:"/>
                    <Item id="6728" name="Header and Footer"/>
                </Print>
                <MISC title="MISC.">
                    <Item id="6304" name="Recent Files History"/>
                    <Item id="6305" name="Don't check at launch time"/>
                    <Item id="6306" name="Max. number of entries:"/>
                    <Item id="6307" name="Enable"/>
                    <Item id="6308" name="Minimize to system tray"/>
                    <Item id="6309" name="Remember current session for next launch"/>
                    <Item id="6312" name="File Status Auto-Detection"/>
                    <Item id="6313" name="Update silently"/>
                    <Item id="6318" name="Clickable Link Settings"/>
                    <Item id="6325" name="Scroll to the last line after update"/>
                    <Item id="6319" name="Enable"/>
                    <Item id="6320" name="No underline"/>
                    <Item id="6322" name="Session file ext.:"/>
                    <Item id="6323" name="Enable Notepad++ auto-updater"/>
                    <Item id="6324" name="Document Switcher (Ctrl+TAB)"/>
                    <Item id="6326" name="Enable smart highlighting"/>
                    <Item id="6329" name="Highlight Matching Tags"/>
                    <Item id="6327" name="Enable"/>
                    <Item id="6328" name="Highlight tag attributes"/>
                    <Item id="6330" name="Highlight comment/php/asp zone"/>
                    
                    <Item id="6331" name="Show only filename in title bar"/>
                    <Item id="6114" name="Enable"/>
                    <Item id="6115" name="Auto-indent"/>
                    <Item id="6117" name="Enable MRU behaviour"/>
                    
                </MISC>
                <Backup title="Backup/Auto-Completion">
                    <Item id="6801" name="Backup"/>
                    <Item id="6315" name="None"/>
                    <Item id="6316" name="Simple backup"/>
                    <Item id="6317" name="Verbose backup"/>
                    <Item id="6804" name="Custom Backup Directory"/>
                    <Item id="6803" name="Directory:"/>
                    <Item id="6807" name="Auto-Completion"/>
                    <Item id="6808" name="Enable auto-completion on each input"/>
                    <Item id="6809" name="Function completion"/>
                    <Item id="6810" name="Word completion"/>
                    <Item id="6811" name="From"/>
                    <Item id="6813" name="th character"/>
                    <Item id="6814" name="Valid value: 1 - 9"/>
                    <Item id="6815" name="Function parameters hint on input"/>
                </Backup>
            </Preference>
            <MultiMacro title="Run a Macro Multiple Times">
                <Item id="1" name="Run"/>
                <Item id="2" name="Semmet"/>
                <Item id="8006" name="Macro to run:"/>
                <Item id="8001" name="Selkem"/>
                <Item id="8005" name="times"/>
                <Item id="8002" name="Run until the end of file"/>
            </MultiMacro>
            <Window title="Windows">
                <Item id="1" name="Activate"/>
                <Item id="2" name="OK"/>
                <Item id="7002" name="Sekles"/>
                <Item id="7003" name="Close window(s)"/>
                <Item id="7004" name="Sort tabs"/>
            </Window>
            <ColumnEditor title="Column Editor">
                <Item id="2023" name="Text to Insert"/>
                <Item id="2033" name="Number to Insert"/>
                <Item id="2030" name="Initial number:"/>
                <Item id="2031" name="Increase by:"/>
                <Item id="2035" name="Leading zeros"/>
                <Item id="2032" name="Format"/>
                <Item id="2024" name="Dec"/>
                <Item id="2025" name="Oct"/>
                <Item id="2026" name="Hex"/>
                <Item id="2027" name="Bin"/>
                <Item id="1" name="OK"/>
                <Item id="2" name="Semmet"/>
            </ColumnEditor>
        </Dialog>
        <MessageBox>
            <ContextMenuXmlEditWarning title="Editing contextMenu" message="Editing contextMenu.xml allows you to modify your Notepad++ popup context menu.\rYou have to restart your Notepad++ to take effect after modifying contextMenu.xml."/>
            <NppHelpAbsentWarning title="File does not exist" message="\rdoesn't exist. Please download it on Notepad++ site."/>
            <SaveCurrentModifWarning title="Save Current Modification" message="You should save the current modification.\rAll the saved modifications can not be undone.\r\rContinue?"/>
            <LoseUndoAbilityWarning title="Lose Undo Ability Waning" message="You should save the current modification.\rAll the saved modifications can not be undone.\r\rContinue?"/>
            <CannotMoveDoc title="Move to new Notepad++ Instance" message="Document is modified, save it then try again."/>
            <DocReloadWarning title="Reload" message="Are you sure you want to reload the current file and lose the changes made in Notepad++?"/>
            <FileLockedWarning title="Save failed" message="Please check whether if this file is opened in another program"/>
            <FileAlreadyOpenedInNpp title="" message="The file is already opened in the Notepad++."/>
            <DeleteFileFailed title="Delete File" message="Delete File failed"/>
            
            <!-- $INT_REPLACE$ is a place holder, don't translate it -->
            <NbFileToOpenImportantWarning title="Amount of files to open is too large" message="$INT_REPLACE$ files are about to be opened.\rAre you sure to open them?"/>
        </MessageBox>
        <ProjectManager>
            <PanelTitle name="Project"/>
            <WorkspaceRootName name="Workspace"/>
            <NewProjectName name="Project Name"/>
            <NewFolderName name="Folder Name"/>
            <Menus>
                <Entries>
                    <Item id="0" name="Workspace"/>
                    <Item id="1" name="Edit"/>
                </Entries>
                <WorkspaceMenu>
                    <Item id="3122" name="New Workspace"/>
                    <Item id="3123" name="Open Workspace"/>
                    <Item id="3124" name="Reload Workspace"/>
                    <Item id="3125" name="Sekles"/>
                    <Item id="3126" name="Sekles ddaw..."/>
                    <Item id="3127" name="Sekles anγel ddaw..."/>
                    <Item id="3121" name="Add New Project"/>
                </WorkspaceMenu>
                <ProjectMenu>
                    <Item id="3111" name="Beddel isem"/>
                    <Item id="3112" name="Add Folder"/>
                    <Item id="3113" name="Add Files..."/>
                    <Item id="3117" name="Add Files from Directory..."/>
                    <Item id="3114" name="Kkes"/>
                    <Item id="3118" name="Mutti d asawen"/>
                    <Item id="3119" name="Mutti d aksar"/>
                </ProjectMenu>
                <FolderMenu>
                    <Item id="3111" name="Beddel isem"/>
                    <Item id="3112" name="Add Folder"/>
                    <Item id="3113" name="Add Files..."/>
                    <Item id="3117" name="Add Files from Directory..."/>
                    <Item id="3114" name="kkes * Remove"/>
                    <Item id="3118" name="Mutti d asawen"/>
                    <Item id="3119" name="Mutti d aksar"/>
                </FolderMenu>
                <FileMenu>
                    <Item id="3111" name="Beddel isem "/>
                    <Item id="3115" name="Kkes"/>
                    <Item id="3116" name="Modify File Path"/>
                    <Item id="3118" name="Mutti d asawen"/>
                    <Item id="3119" name="Mutti d aksar"/>
                </FileMenu>
            </Menus>
        </ProjectManager>
    </Native-Langue>
</NotepadPlus>
