<?xml version="1.0" encoding="UTF-8"?>
<java version="1.8.0_191" class="java.beans.XMLDecoder">
 <object class="org.eclipse.epp.internal.mpc.ui.catalog.MarketplaceInfo" id="MarketplaceInfo0">
  <void property="iuToNodeKey">
   <void method="put">
    <string>com.github.eclipsecolortheme.feature</string>
    <object class="java.util.ArrayList">
     <void method="add">
      <string>http://marketplace.eclipse.org#27025</string>
     </void>
     <void method="add">
      <string>http://marketplace.eclipse.org#1827835</string>
     </void>
    </object>
   </void>
   <void method="put">
    <string>org.zeroturnaround.eclipse.feature</string>
    <object class="java.util.ArrayList">
     <void method="add">
      <string>http://marketplace.eclipse.org#29591</string>
     </void>
    </object>
   </void>
   <void method="put">
    <string>com.codeaffine.eclipse.ui.swt.theme.feature</string>
    <object class="java.util.ArrayList">
     <void method="add">
      <string>http://marketplace.eclipse.org#2588223</string>
     </void>
    </object>
   </void>
   <void method="put">
    <string>com.rbublitz.eclipseMayaEditor.feature</string>
    <object class="java.util.ArrayList">
     <void method="add">
      <string>http://marketplace.eclipse.org#37417</string>
     </void>
    </object>
   </void>
   <void method="put">
    <string>org.dresdenocl.feature.examples</string>
    <object class="java.util.ArrayList">
     <void method="add">
      <string>http://marketplace.eclipse.org#1146</string>
     </void>
    </object>
   </void>
   <void method="put">
    <string>org.eclipse.scada.configuration.arduino.feature</string>
    <object class="java.util.ArrayList">
     <void method="add">
      <string>http://marketplace.eclipse.org#1660779</string>
     </void>
    </object>
   </void>
   <void method="put">
    <string>org.reuseware.application.reusejava</string>
    <object class="java.util.ArrayList">
     <void method="add">
      <string>http://marketplace.eclipse.org#49150</string>
     </void>
    </object>
   </void>
   <void method="put">
    <string>org.reuseware.application.uml2java</string>
    <object class="java.util.ArrayList">
     <void method="add">
      <string>http://marketplace.eclipse.org#49150</string>
     </void>
    </object>
   </void>
   <void method="put">
    <string>com.github.eclipseuitheme.themes.feature</string>
    <object class="java.util.ArrayList">
     <void method="add">
      <string>http://marketplace.eclipse.org#1403812</string>
     </void>
     <void method="add">
      <string>http://marketplace.eclipse.org#1827835</string>
     </void>
    </object>
   </void>
   <void method="put">
    <string>org.reuseware.sokan</string>
    <object class="java.util.ArrayList">
     <void method="add">
      <string>http://marketplace.eclipse.org#49150</string>
     </void>
    </object>
   </void>
   <void method="put">
    <string>org.dresdenocl.feature.facade</string>
    <object class="java.util.ArrayList">
     <void method="add">
      <string>http://marketplace.eclipse.org#1146</string>
     </void>
    </object>
   </void>
   <void method="put">
    <string>org.reuseware.application.cim</string>
    <object class="java.util.ArrayList">
     <void method="add">
      <string>http://marketplace.eclipse.org#49150</string>
     </void>
    </object>
   </void>
   <void method="put">
    <string>org.dresdenocl.feature.modelinstances</string>
    <object class="java.util.ArrayList">
     <void method="add">
      <string>http://marketplace.eclipse.org#1146</string>
     </void>
    </object>
   </void>
   <void method="put">
    <string>org.dresdenocl.feature.parser</string>
    <object class="java.util.ArrayList">
     <void method="add">
      <string>http://marketplace.eclipse.org#1146</string>
     </void>
    </object>
   </void>
   <void method="put">
    <string>org.eclipse.scada.vi.editors</string>
    <object class="java.util.ArrayList">
     <void method="add">
      <string>http://marketplace.eclipse.org#1660779</string>
     </void>
    </object>
   </void>
   <void method="put">
    <string>org.reuseware.application.cbse</string>
    <object class="java.util.ArrayList">
     <void method="add">
      <string>http://marketplace.eclipse.org#49150</string>
     </void>
    </object>
   </void>
   <void method="put">
    <string>org.imixs.eclipse.bpmn2.feature</string>
    <object class="java.util.ArrayList">
     <void method="add">
      <string>http://marketplace.eclipse.org#178</string>
     </void>
    </object>
   </void>
   <void method="put">
    <string>com.aptana.feature</string>
    <object class="java.util.ArrayList">
     <void method="add">
      <string>http://marketplace.eclipse.org#2832068</string>
     </void>
    </object>
   </void>
   <void method="put">
    <string>org.dresdenocl.feature.ocl2java</string>
    <object class="java.util.ArrayList">
     <void method="add">
      <string>http://marketplace.eclipse.org#1146</string>
     </void>
    </object>
   </void>
   <void method="put">
    <string>com.genuitec.eclipse.theming.designer.feature.feature.group</string>
    <object class="java.util.ArrayList">
     <void method="add">
      <string>http://marketplace.eclipse.org#3274405</string>
     </void>
    </object>
   </void>
   <void method="put">
    <string>org.reuseware.application.taipan</string>
    <object class="java.util.ArrayList">
     <void method="add">
      <string>http://marketplace.eclipse.org#49150</string>
     </void>
    </object>
   </void>
   <void method="put">
    <string>ca.ecliptical.pde.ds.search</string>
    <object class="java.util.ArrayList">
     <void method="add">
      <string>http://marketplace.eclipse.org#2421936</string>
     </void>
    </object>
   </void>
   <void method="put">
    <string>pm.eclipse.editbox.feature</string>
    <object class="java.util.ArrayList">
     <void method="add">
      <string>http://marketplace.eclipse.org#1827835</string>
     </void>
     <void method="add">
      <string>http://marketplace.eclipse.org#1582059</string>
     </void>
    </object>
   </void>
   <void method="put">
    <string>com.genuitec.eclipse.code.navigation.feature</string>
    <object class="java.util.ArrayList">
     <void method="add">
      <string>http://marketplace.eclipse.org#4008412</string>
     </void>
    </object>
   </void>
   <void method="put">
    <string>org.dresdenocl.feature.metrics</string>
    <object class="java.util.ArrayList">
     <void method="add">
      <string>http://marketplace.eclipse.org#1146</string>
     </void>
    </object>
   </void>
   <void method="put">
    <string>nl.topicus.m2e.settings.feature</string>
    <object class="java.util.ArrayList">
     <void method="add">
      <string>http://marketplace.eclipse.org#1797212</string>
     </void>
    </object>
   </void>
   <void method="put">
    <string>org.fhsolution.eclipse.feature.csvedit</string>
    <object class="java.util.ArrayList">
     <void method="add">
      <string>http://marketplace.eclipse.org#3739198</string>
     </void>
    </object>
   </void>
   <void method="put">
    <string>org.reuseware.support.topcased</string>
    <object class="java.util.ArrayList">
     <void method="add">
      <string>http://marketplace.eclipse.org#49150</string>
     </void>
    </object>
   </void>
   <void method="put">
    <string>org.eclipse.e4.tools.preference.spy.feature</string>
    <object class="java.util.ArrayList">
     <void method="add">
      <string>http://marketplace.eclipse.org#3116105</string>
     </void>
    </object>
   </void>
   <void method="put">
    <string>pl.greenpath.eclipse.refactoring.feature</string>
    <object class="java.util.ArrayList">
     <void method="add">
      <string>http://marketplace.eclipse.org#1294474</string>
     </void>
    </object>
   </void>
   <void method="put">
    <string>org.dresdenocl.feature.core</string>
    <object class="java.util.ArrayList">
     <void method="add">
      <string>http://marketplace.eclipse.org#1146</string>
     </void>
    </object>
   </void>
   <void method="put">
    <string>org.eclipse.epp.mpc</string>
    <object class="java.util.ArrayList">
     <void method="add">
      <string>http://marketplace.eclipse.org#4123770</string>
     </void>
    </object>
   </void>
   <void method="put">
    <string>org.eclipse.scada.core.ui.editors</string>
    <object class="java.util.ArrayList">
     <void method="add">
      <string>http://marketplace.eclipse.org#1660779</string>
     </void>
    </object>
   </void>
   <void method="put">
    <string>org.reuseware.application.ticketshop</string>
    <object class="java.util.ArrayList">
     <void method="add">
      <string>http://marketplace.eclipse.org#49150</string>
     </void>
    </object>
   </void>
   <void method="put">
    <string>com.genuitec.eclipse.code.extended.feature</string>
    <object class="java.util.ArrayList">
     <void method="add">
      <string>http://marketplace.eclipse.org#4008412</string>
     </void>
    </object>
   </void>
   <void method="put">
    <string>org.dresdenocl.feature.metamodels</string>
    <object class="java.util.ArrayList">
     <void method="add">
      <string>http://marketplace.eclipse.org#1146</string>
     </void>
    </object>
   </void>
   <void method="put">
    <string>com.genuitec.eclipse.code.livepreview.feature</string>
    <object class="java.util.ArrayList">
     <void method="add">
      <string>http://marketplace.eclipse.org#4008412</string>
     </void>
    </object>
   </void>
   <void method="put">
    <string>org.eclipse.e4.tools.css.spy.feature</string>
    <object class="java.util.ArrayList">
     <void method="add">
      <string>http://marketplace.eclipse.org#3116105</string>
     </void>
    </object>
   </void>
   <void method="put">
    <string>org.dresdenocl.feature.ocl2sql</string>
    <object class="java.util.ArrayList">
     <void method="add">
      <string>http://marketplace.eclipse.org#1146</string>
     </void>
    </object>
   </void>
   <void method="put">
    <string>org.reuseware.application.reuseuml</string>
    <object class="java.util.ArrayList">
     <void method="add">
      <string>http://marketplace.eclipse.org#49150</string>
     </void>
    </object>
   </void>
   <void method="put">
    <string>com.laboki.eclipse.feature.smartclose</string>
    <object class="java.util.ArrayList">
     <void method="add">
      <string>http://marketplace.eclipse.org#2341029</string>
     </void>
    </object>
   </void>
   <void method="put">
    <string>org.reuseware.application.classweaving</string>
    <object class="java.util.ArrayList">
     <void method="add">
      <string>http://marketplace.eclipse.org#49150</string>
     </void>
    </object>
   </void>
   <void method="put">
    <string>com.eclipserunner.feature</string>
    <object class="java.util.ArrayList">
     <void method="add">
      <string>http://marketplace.eclipse.org#1169</string>
     </void>
    </object>
   </void>
   <void method="put">
    <string>com.genuitec.eclipse.code.angular.feature</string>
    <object class="java.util.ArrayList">
     <void method="add">
      <string>http://marketplace.eclipse.org#4008412</string>
     </void>
    </object>
   </void>
   <void method="put">
    <string>org.reuseware.application.swt2</string>
    <object class="java.util.ArrayList">
     <void method="add">
      <string>http://marketplace.eclipse.org#49150</string>
     </void>
    </object>
   </void>
   <void method="put">
    <string>org.mapstruct.eclipse.feature</string>
    <object class="java.util.ArrayList">
     <void method="add">
      <string>http://marketplace.eclipse.org#2844337</string>
     </void>
    </object>
   </void>
   <void method="put">
    <string>org.eclipse.scada.ide</string>
    <object class="java.util.ArrayList">
     <void method="add">
      <string>http://marketplace.eclipse.org#1660779</string>
     </void>
    </object>
   </void>
   <void method="put">
    <string>org.dresdenocl.feature.interpreter</string>
    <object class="java.util.ArrayList">
     <void method="add">
      <string>http://marketplace.eclipse.org#1146</string>
     </void>
    </object>
   </void>
   <void method="put">
    <string>org.dresdenocl.feature.codegen</string>
    <object class="java.util.ArrayList">
     <void method="add">
      <string>http://marketplace.eclipse.org#1146</string>
     </void>
    </object>
   </void>
   <void method="put">
    <string>org.reuseware.lacome</string>
    <object class="java.util.ArrayList">
     <void method="add">
      <string>http://marketplace.eclipse.org#49150</string>
     </void>
    </object>
   </void>
   <void method="put">
    <string>org.eclipse.e4.tools.bundle.spy.feature</string>
    <object class="java.util.ArrayList">
     <void method="add">
      <string>http://marketplace.eclipse.org#3116105</string>
     </void>
    </object>
   </void>
   <void method="put">
    <string>org.reuseware.support.opendocument</string>
    <object class="java.util.ArrayList">
     <void method="add">
      <string>http://marketplace.eclipse.org#49150</string>
     </void>
    </object>
   </void>
   <void method="put">
    <string>com.genuitec.eclipse.code.feature</string>
    <object class="java.util.ArrayList">
     <void method="add">
      <string>http://marketplace.eclipse.org#4008412</string>
     </void>
    </object>
   </void>
   <void method="put">
    <string>org.reuseware.coconut</string>
    <object class="java.util.ArrayList">
     <void method="add">
      <string>http://marketplace.eclipse.org#49150</string>
     </void>
    </object>
   </void>
   <void method="put">
    <string>org.eclipse.e4.tools.model.spy.feature</string>
    <object class="java.util.ArrayList">
     <void method="add">
      <string>http://marketplace.eclipse.org#3116105</string>
     </void>
    </object>
   </void>
   <void method="put">
    <string>org.zeroturnaround.eclipse.wtp.feature</string>
    <object class="java.util.ArrayList">
     <void method="add">
      <string>http://marketplace.eclipse.org#29591</string>
     </void>
    </object>
   </void>
   <void method="put">
    <string>org.eclipse.e4.tools.event.spy.feature</string>
    <object class="java.util.ArrayList">
     <void method="add">
      <string>http://marketplace.eclipse.org#3116105</string>
     </void>
    </object>
   </void>
   <void method="put">
    <string>org.eclipse.e4.tools.spies.feature</string>
    <object class="java.util.ArrayList">
     <void method="add">
      <string>http://marketplace.eclipse.org#3116105</string>
     </void>
    </object>
   </void>
   <void method="put">
    <string>org.reuseware.application.eclipsemagazin</string>
    <object class="java.util.ArrayList">
     <void method="add">
      <string>http://marketplace.eclipse.org#49150</string>
     </void>
    </object>
   </void>
   <void method="put">
    <string>com.aptana.feature.studio</string>
    <object class="java.util.ArrayList">
     <void method="add">
      <string>http://marketplace.eclipse.org#2832068</string>
     </void>
    </object>
   </void>
   <void method="put">
    <string>org.eclipse.scada.configuration</string>
    <object class="java.util.ArrayList">
     <void method="add">
      <string>http://marketplace.eclipse.org#1660779</string>
     </void>
    </object>
   </void>
   <void method="put">
    <string>org.eclipse.thym.feature</string>
    <object class="java.util.ArrayList">
     <void method="add">
      <string>http://marketplace.eclipse.org#2168203</string>
     </void>
    </object>
   </void>
   <void method="put">
    <string>com.patternbox.eclipse</string>
    <object class="java.util.ArrayList">
     <void method="add">
      <string>http://marketplace.eclipse.org#1356233</string>
     </void>
    </object>
   </void>
   <void method="put">
    <string>org.eclipse.scada.configuration.doc</string>
    <object class="java.util.ArrayList">
     <void method="add">
      <string>http://marketplace.eclipse.org#1660779</string>
     </void>
    </object>
   </void>
   <void method="put">
    <string>com.antares.nfc.plugin.feature</string>
    <object class="java.util.ArrayList">
     <void method="add">
      <string>http://marketplace.eclipse.org#288653</string>
     </void>
    </object>
   </void>
   <void method="put">
    <string>com.genuitec.eclipse.code.slack.feature</string>
    <object class="java.util.ArrayList">
     <void method="add">
      <string>http://marketplace.eclipse.org#4008412</string>
     </void>
    </object>
   </void>
   <void method="put">
    <string>net.jeeeyul.eclipse.themes.feature</string>
    <object class="java.util.ArrayList">
     <void method="add">
      <string>http://marketplace.eclipse.org#339851</string>
     </void>
     <void method="add">
      <string>http://marketplace.eclipse.org#1827835</string>
     </void>
    </object>
   </void>
   <void method="put">
    <string>ch.basler.importthem.feature</string>
    <object class="java.util.ArrayList">
     <void method="add">
      <string>http://marketplace.eclipse.org#959222</string>
     </void>
    </object>
   </void>
   <void method="put">
    <string>com.dubture.twig.feature</string>
    <object class="java.util.ArrayList">
     <void method="add">
      <string>http://marketplace.eclipse.org#220370</string>
     </void>
    </object>
   </void>
   <void method="put">
    <string>com.genuitec.eclipse.theming.feature.feature.group</string>
    <object class="java.util.ArrayList">
     <void method="add">
      <string>http://marketplace.eclipse.org#3274405</string>
     </void>
    </object>
   </void>
   <void method="put">
    <string>net.jeeeyul.swtend.feature</string>
    <object class="java.util.ArrayList">
     <void method="add">
      <string>http://marketplace.eclipse.org#339851</string>
     </void>
    </object>
   </void>
   <void method="put">
    <string>ECalculator.feature</string>
    <object class="java.util.ArrayList">
     <void method="add">
      <string>http://marketplace.eclipse.org#831</string>
     </void>
    </object>
   </void>
   <void method="put">
    <string>org.eclipse.e4.tools.context.spy.feature</string>
    <object class="java.util.ArrayList">
     <void method="add">
      <string>http://marketplace.eclipse.org#3116105</string>
     </void>
    </object>
   </void>
   <void method="put">
    <string>org.reuseware.comogen</string>
    <object class="java.util.ArrayList">
     <void method="add">
      <string>http://marketplace.eclipse.org#49150</string>
     </void>
    </object>
   </void>
   <void method="put">
    <string>org.zeroturnaround.eclipse.m2e.feature</string>
    <object class="java.util.ArrayList">
     <void method="add">
      <string>http://marketplace.eclipse.org#29591</string>
     </void>
    </object>
   </void>
   <void method="put">
    <string>org.nodeclipse.pluginslist.feature</string>
    <object class="java.util.ArrayList">
     <void method="add">
      <string>http://marketplace.eclipse.org#1827835</string>
     </void>
     <void method="add">
      <string>http://marketplace.eclipse.org#1582059</string>
     </void>
    </object>
   </void>
  </void>
  <void property="nodeKeyToIU">
   <void method="put">
    <string>http://marketplace.eclipse.org#1827835</string>
    <object class="java.util.ArrayList">
     <void method="add">
      <string>org.nodeclipse.pluginslist.feature</string>
     </void>
     <void method="add">
      <string>com.github.eclipsecolortheme.feature</string>
     </void>
     <void method="add">
      <string>net.jeeeyul.eclipse.themes.feature</string>
     </void>
     <void method="add">
      <string>com.github.eclipseuitheme.themes.feature</string>
     </void>
     <void method="add">
      <string>pm.eclipse.editbox.feature</string>
     </void>
    </object>
   </void>
   <void method="put">
    <string>http://marketplace.eclipse.org#2421936</string>
    <object class="java.util.ArrayList">
     <void method="add">
      <string>ca.ecliptical.pde.ds.search</string>
     </void>
    </object>
   </void>
   <void method="put">
    <string>http://marketplace.eclipse.org#3274405</string>
    <object class="java.util.ArrayList">
     <void method="add">
      <string>com.genuitec.eclipse.theming.feature.feature.group</string>
     </void>
     <void method="add">
      <string>com.genuitec.eclipse.theming.designer.feature.feature.group</string>
     </void>
    </object>
   </void>
   <void method="put">
    <string>http://marketplace.eclipse.org#2168203</string>
    <object class="java.util.ArrayList">
     <void method="add">
      <string>org.eclipse.thym.feature</string>
     </void>
    </object>
   </void>
   <void method="put">
    <string>http://marketplace.eclipse.org#1294474</string>
    <object class="java.util.ArrayList">
     <void method="add">
      <string>pl.greenpath.eclipse.refactoring.feature</string>
     </void>
    </object>
   </void>
   <void method="put">
    <string>http://marketplace.eclipse.org#288653</string>
    <object class="java.util.ArrayList">
     <void method="add">
      <string>com.antares.nfc.plugin.feature</string>
     </void>
    </object>
   </void>
   <void method="put">
    <string>http://marketplace.eclipse.org#29591</string>
    <object class="java.util.ArrayList">
     <void method="add">
      <string>org.zeroturnaround.eclipse.feature</string>
     </void>
     <void method="add">
      <string>org.zeroturnaround.eclipse.wtp.feature</string>
     </void>
     <void method="add">
      <string>org.zeroturnaround.eclipse.m2e.feature</string>
     </void>
    </object>
   </void>
   <void method="put">
    <string>http://marketplace.eclipse.org#3739198</string>
    <object class="java.util.ArrayList">
     <void method="add">
      <string>org.fhsolution.eclipse.feature.csvedit</string>
     </void>
    </object>
   </void>
   <void method="put">
    <string>http://marketplace.eclipse.org#2832068</string>
    <object class="java.util.ArrayList">
     <void method="add">
      <string>com.aptana.feature</string>
     </void>
     <void method="add">
      <string>com.aptana.feature.studio</string>
     </void>
    </object>
   </void>
   <void method="put">
    <string>http://marketplace.eclipse.org#2341029</string>
    <object class="java.util.ArrayList">
     <void method="add">
      <string>com.laboki.eclipse.feature.smartclose</string>
     </void>
    </object>
   </void>
   <void method="put">
    <string>http://marketplace.eclipse.org#1146</string>
    <object class="java.util.ArrayList">
     <void method="add">
      <string>org.dresdenocl.feature.codegen</string>
     </void>
     <void method="add">
      <string>org.dresdenocl.feature.core</string>
     </void>
     <void method="add">
      <string>org.dresdenocl.feature.examples</string>
     </void>
     <void method="add">
      <string>org.dresdenocl.feature.facade</string>
     </void>
     <void method="add">
      <string>org.dresdenocl.feature.interpreter</string>
     </void>
     <void method="add">
      <string>org.dresdenocl.feature.metamodels</string>
     </void>
     <void method="add">
      <string>org.dresdenocl.feature.metrics</string>
     </void>
     <void method="add">
      <string>org.dresdenocl.feature.modelinstances</string>
     </void>
     <void method="add">
      <string>org.dresdenocl.feature.ocl2java</string>
     </void>
     <void method="add">
      <string>org.dresdenocl.feature.ocl2sql</string>
     </void>
     <void method="add">
      <string>org.dresdenocl.feature.parser</string>
     </void>
    </object>
   </void>
   <void method="put">
    <string>http://marketplace.eclipse.org#2588223</string>
    <object class="java.util.ArrayList">
     <void method="add">
      <string>com.codeaffine.eclipse.ui.swt.theme.feature</string>
     </void>
    </object>
   </void>
   <void method="put">
    <string>http://marketplace.eclipse.org#1169</string>
    <object class="java.util.ArrayList">
     <void method="add">
      <string>com.eclipserunner.feature</string>
     </void>
    </object>
   </void>
   <void method="put">
    <string>http://marketplace.eclipse.org#1582059</string>
    <object class="java.util.ArrayList">
     <void method="add">
      <string>org.nodeclipse.pluginslist.feature</string>
     </void>
     <void method="add">
      <string>pm.eclipse.editbox.feature</string>
     </void>
    </object>
   </void>
   <void method="put">
    <string>http://marketplace.eclipse.org#1660779</string>
    <object class="java.util.ArrayList">
     <void method="add">
      <string>org.eclipse.scada.configuration</string>
     </void>
     <void method="add">
      <string>org.eclipse.scada.configuration.doc</string>
     </void>
     <void method="add">
      <string>org.eclipse.scada.ide</string>
     </void>
     <void method="add">
      <string>org.eclipse.scada.core.ui.editors</string>
     </void>
     <void method="add">
      <string>org.eclipse.scada.vi.editors</string>
     </void>
     <void method="add">
      <string>org.eclipse.scada.configuration.arduino.feature</string>
     </void>
    </object>
   </void>
   <void method="put">
    <string>http://marketplace.eclipse.org#2844337</string>
    <object class="java.util.ArrayList">
     <void method="add">
      <string>org.mapstruct.eclipse.feature</string>
     </void>
    </object>
   </void>
   <void method="put">
    <string>http://marketplace.eclipse.org#3116105</string>
    <object class="java.util.ArrayList">
     <void method="add">
      <string>org.eclipse.e4.tools.css.spy.feature</string>
     </void>
     <void method="add">
      <string>org.eclipse.e4.tools.event.spy.feature</string>
     </void>
     <void method="add">
      <string>org.eclipse.e4.tools.bundle.spy.feature</string>
     </void>
     <void method="add">
      <string>org.eclipse.e4.tools.preference.spy.feature</string>
     </void>
     <void method="add">
      <string>org.eclipse.e4.tools.model.spy.feature</string>
     </void>
     <void method="add">
      <string>org.eclipse.e4.tools.context.spy.feature</string>
     </void>
     <void method="add">
      <string>org.eclipse.e4.tools.spies.feature</string>
     </void>
    </object>
   </void>
   <void method="put">
    <string>http://marketplace.eclipse.org#4123770</string>
    <object class="java.util.ArrayList">
     <void method="add">
      <string>org.eclipse.epp.mpc</string>
     </void>
    </object>
   </void>
   <void method="put">
    <string>http://marketplace.eclipse.org#178</string>
    <object class="java.util.ArrayList">
     <void method="add">
      <string>org.imixs.eclipse.bpmn2.feature</string>
     </void>
    </object>
   </void>
   <void method="put">
    <string>http://marketplace.eclipse.org#1356233</string>
    <object class="java.util.ArrayList">
     <void method="add">
      <string>com.patternbox.eclipse</string>
     </void>
    </object>
   </void>
   <void method="put">
    <string>http://marketplace.eclipse.org#959222</string>
    <object class="java.util.ArrayList">
     <void method="add">
      <string>ch.basler.importthem.feature</string>
     </void>
    </object>
   </void>
   <void method="put">
    <string>http://marketplace.eclipse.org#339851</string>
    <object class="java.util.ArrayList">
     <void method="add">
      <string>net.jeeeyul.eclipse.themes.feature</string>
     </void>
     <void method="add">
      <string>net.jeeeyul.swtend.feature</string>
     </void>
    </object>
   </void>
   <void method="put">
    <string>http://marketplace.eclipse.org#27025</string>
    <object class="java.util.ArrayList">
     <void method="add">
      <string>com.github.eclipsecolortheme.feature</string>
     </void>
    </object>
   </void>
   <void method="put">
    <string>http://marketplace.eclipse.org#831</string>
    <object class="java.util.ArrayList">
     <void method="add">
      <string>ECalculator.feature</string>
     </void>
    </object>
   </void>
   <void method="put">
    <string>http://marketplace.eclipse.org#220370</string>
    <object class="java.util.ArrayList">
     <void method="add">
      <string>com.dubture.twig.feature</string>
     </void>
    </object>
   </void>
   <void method="put">
    <string>http://marketplace.eclipse.org#4008412</string>
    <object class="java.util.ArrayList">
     <void method="add">
      <string>com.genuitec.eclipse.code.feature</string>
     </void>
     <void method="add">
      <string>com.genuitec.eclipse.code.angular.feature</string>
     </void>
     <void method="add">
      <string>com.genuitec.eclipse.code.extended.feature</string>
     </void>
     <void method="add">
      <string>com.genuitec.eclipse.code.livepreview.feature</string>
     </void>
     <void method="add">
      <string>com.genuitec.eclipse.code.navigation.feature</string>
     </void>
     <void method="add">
      <string>com.genuitec.eclipse.code.slack.feature</string>
     </void>
    </object>
   </void>
   <void method="put">
    <string>http://marketplace.eclipse.org#1797212</string>
    <object class="java.util.ArrayList">
     <void method="add">
      <string>nl.topicus.m2e.settings.feature</string>
     </void>
    </object>
   </void>
   <void method="put">
    <string>http://marketplace.eclipse.org#49150</string>
    <object class="java.util.ArrayList">
     <void method="add">
      <string>org.reuseware.sokan</string>
     </void>
     <void method="add">
      <string>org.reuseware.coconut</string>
     </void>
     <void method="add">
      <string>org.reuseware.comogen</string>
     </void>
     <void method="add">
      <string>org.reuseware.lacome</string>
     </void>
     <void method="add">
      <string>org.reuseware.support.opendocument</string>
     </void>
     <void method="add">
      <string>org.reuseware.support.topcased</string>
     </void>
     <void method="add">
      <string>org.reuseware.application.taipan</string>
     </void>
     <void method="add">
      <string>org.reuseware.application.cim</string>
     </void>
     <void method="add">
      <string>org.reuseware.application.cbse</string>
     </void>
     <void method="add">
      <string>org.reuseware.application.swt2</string>
     </void>
     <void method="add">
      <string>org.reuseware.application.classweaving</string>
     </void>
     <void method="add">
      <string>org.reuseware.application.reusejava</string>
     </void>
     <void method="add">
      <string>org.reuseware.application.reuseuml</string>
     </void>
     <void method="add">
      <string>org.reuseware.application.uml2java</string>
     </void>
     <void method="add">
      <string>org.reuseware.application.ticketshop</string>
     </void>
     <void method="add">
      <string>org.reuseware.application.eclipsemagazin</string>
     </void>
    </object>
   </void>
   <void method="put">
    <string>http://marketplace.eclipse.org#1403812</string>
    <object class="java.util.ArrayList">
     <void method="add">
      <string>com.github.eclipseuitheme.themes.feature</string>
     </void>
    </object>
   </void>
   <void method="put">
    <string>http://marketplace.eclipse.org#37417</string>
    <object class="java.util.ArrayList">
     <void method="add">
      <string>com.rbublitz.eclipseMayaEditor.feature</string>
     </void>
    </object>
   </void>
  </void>
 </object>
</java>
