<NotepadPlus>
    <Session activeView="0">
        <mainView activeIndex="2">
            <File firstVisibleLine="0" xOffset="0" scrollWidth="1" startPos="571" endPos="571" selMode="0" lang="Normal Text" encoding="-1" filename="C:\Users\Fujitsu\Documents\note-reading.txt" />
            <File firstVisibleLine="0" xOffset="0" scrollWidth="2896" startPos="1533" endPos="1533" selMode="0" lang="Normal Text" encoding="-1" filename="C:\Users\Fujitsu\Desktop\temps\note-learning derivative.txt" />
            <File firstVisibleLine="0" xOffset="0" scrollWidth="2896" startPos="93" endPos="93" selMode="0" lang="Normal Text" encoding="-1" filename="C:\Users\Fujitsu\Desktop\email.txt" />
        </mainView>
        <subView activeIndex="0" />
    </Session>
</NotepadPlus>
